,precision,recall,f1-score,support
0,0.9835701598579041,0.8283470456245325,0.8993097848152659,8022.0
1,0.03706293706293706,0.3231707317073171,0.06649937264742785,164.0
accuracy,0.8182262399218178,0.8182262399218178,0.8182262399218178,0.8182262399218178
macro avg,0.5103165484604206,0.5757588886659248,0.4829045787313469,8186.0
weighted avg,0.9646076403687306,0.8182262399218178,0.8826250905084585,8186.0
