,precision,recall,f1-score,support
0,0.9922999665215936,0.36948391922213913,0.5384685257516577,8022.0
1,0.027120600115406807,0.8597560975609756,0.05258250978929704,164.0
accuracy,0.3793061324212069,0.3793061324212069,0.3793061324212069,0.3793061324212069
macro avg,0.5097102833185002,0.6146200083915574,0.29552551777047736,8186.0
weighted avg,0.9729633654843819,0.3793061324212069,0.5287341858276622,8186.0
