,precision,recall,f1-score,support
0,0.9800684764000979,0.9991273996509599,0.9895061728395061,8022.0
1,0.125,0.006097560975609756,0.011627906976744186,164.0
accuracy,0.9792328365502077,0.9792328365502077,0.9792328365502077,0.9792328365502077
macro avg,0.5525342382000489,0.5026124803132848,0.5005670399081251,8186.0
weighted avg,0.9629378594773497,0.9792328365502077,0.9699151594506114,8186.0
